"Reporting starts","Reporting ends","Ad name","Ad delivery","Ad set name",Bid,"Bid type","Ad set budget","Ad set budget type","Last significant edit","Attribution setting",Results,"Result indicator",Reach,Impressions,Frequency,"CPM (cost per 1,000 impressions) (USD)","Cost per results",Purchases,"Quality ranking","Engagement rate ranking","Conversion rate ranking","Purchase ROAS (return on ad spend)","Amount spent (USD)",Ends
2025-11-14,2025-11-20,ASC-VK-CB,active,转化-品宣-博主-ASC,0,ABSOLUTE_OCPM,200,Daily,2025-04-27T07:35:07+0200,"7-day click or 1-day view",2,actions:offsite_conversion.fb_pixel_purchase,608,757,1.245066,6.367239,2.41,2,-,-,-,22.288382,4.82,Ongoing
2025-11-14,2025-11-20,ASC-VK-Carla,active,转化-品宣-博主-ASC,0,ABSOLUTE_OCPM,200,Daily,2025-04-27T07:35:07+0200,"7-day click or 1-day view",1,actions:offsite_conversion.fb_pixel_purchase,2163,2835,1.31068,6.091711,17.27,1,-,-,-,8.125072,17.27,Ongoing
2025-11-14,2025-11-20,DPA-ON,active,DPA-24年导入期,0,ABSOLUTE_OCPM,60,Daily,2025-11-14T03:21:43+0100,"7-day click or 1-day view",27,actions:offsite_conversion.fb_pixel_purchase,14651,53809,3.672719,7.803156,15.55111111,27,-,-,-,4.26317,419.88,Ongoing
2025-11-14,2025-11-20,ASC-VK-CB2,active,转化-品宣-博主-ASC,0,ABSOLUTE_OCPM,200,Daily,2025-04-27T07:35:07+0200,"7-day click or 1-day view",1,actions:offsite_conversion.fb_pixel_purchase,2008,2517,1.253486,7.651967,19.26,1,-,-,-,1.304777,19.26,Ongoing
2025-11-14,2025-11-20,ASC-VK-CB3,active,转化-品宣-博主-ASC,0,ABSOLUTE_OCPM,200,Daily,2025-04-27T07:35:07+0200,"7-day click or 1-day view",33,actions:offsite_conversion.fb_pixel_purchase,39767,58991,1.483416,6.463867,11.55484848,33,"Below average - Bottom 35% of ads","Above average",Average,6.229944,381.31,Ongoing
2025-11-14,2025-11-20,ASC-VK-Sara,active,转化-品宣-博主-ASC,0,ABSOLUTE_OCPM,200,Daily,2025-04-27T07:35:07+0200,"7-day click or 1-day view",3,actions:offsite_conversion.fb_pixel_purchase,15315,19834,1.29507,4.278007,28.28333333,3,-,-,-,3.014496,84.85,Ongoing
2025-11-14,2025-11-20,ASC-VK-Cabatate,active,转化-品宣-博主-ASC,0,ABSOLUTE_OCPM,200,Daily,2025-04-27T07:35:07+0200,"7-day click or 1-day view",4,actions:offsite_conversion.fb_pixel_purchase,23291,27353,1.174402,4.619969,31.5925,4,-,-,-,1.92245,126.37,Ongoing
2025-11-14,2025-11-20,ASC-VK-Paula,active,转化-品宣-博主-ASC,0,ABSOLUTE_OCPM,200,Daily,2025-04-27T07:35:07+0200,"7-day click or 1-day view",13,actions:offsite_conversion.fb_pixel_purchase,20606,32570,1.580608,7.401904,18.54461538,13,-,-,-,4.224905,241.08,Ongoing
2025-11-14,2025-11-20,ASC-VK-Klohe,active,转化-品宣-博主-ASC,0,ABSOLUTE_OCPM,200,Daily,2025-04-27T07:35:07+0200,"7-day click or 1-day view",,,6631,9113,1.374303,6.836388,,,-,-,-,,62.3,Ongoing
2025-11-14,2025-11-20,ASC-VK-Nolorenzo,active,转化-品宣-博主-ASC,0,ABSOLUTE_OCPM,200,Daily,2025-04-27T07:35:07+0200,"7-day click or 1-day view",6,actions:offsite_conversion.fb_pixel_purchase,5998,9322,1.554185,9.648144,14.99,6,-,-,-,2.755392,89.94,Ongoing
2025-11-14,2025-11-20,折扣季产品-DC,active,ES-转化-折扣季产品-目录-ASC,0,ABSOLUTE_OCPM,250,Daily,2025-11-13T04:18:32+0100,"7-day click or 1-day view",71,actions:offsite_conversion.fb_pixel_purchase,132694,386326,2.911405,3.527875,19.19591549,71,Average,"Above average",Average,2.740152,1362.91,Ongoing
2025-11-14,2025-11-20,欧珀系列-视频1,active,ES-转化-商品系列-欧珀,0,ABSOLUTE_OCPM,100,Daily,2025-02-06T06:24:36+0100,"7-day click, 1-day view, or 1-day engaged-view",7,actions:offsite_conversion.fb_pixel_purchase,22034,30628,1.390034,4.339167,18.98571429,7,-,-,-,2.966065,132.9,Ongoing
2025-11-14,2025-11-20,欧珀系列-视频2,active,ES-转化-商品系列-欧珀,0,ABSOLUTE_OCPM,100,Daily,2025-02-06T06:24:36+0100,"7-day click, 1-day view, or 1-day engaged-view",2,actions:offsite_conversion.fb_pixel_purchase,11757,15295,1.300927,3.643674,27.865,2,-,-,-,0.723668,55.73,Ongoing
2025-11-14,2025-11-20,欧珀系列-视频3,active,ES-转化-商品系列-欧珀,0,ABSOLUTE_OCPM,100,Daily,2025-02-06T06:24:36+0100,"7-day click, 1-day view, or 1-day engaged-view",1,actions:offsite_conversion.fb_pixel_purchase,3512,4139,1.178531,4.020295,16.64,1,-,-,-,3.753005,16.64,Ongoing
2025-11-14,2025-11-20,爆款系列-图4,active,ES-转化-商品系列-爆款,0,ABSOLUTE_OCPM,300,Daily,0,"7-day click, 1-day view, or 1-day engaged-view",24,actions:offsite_conversion.fb_pixel_purchase,48869,77839,1.592809,4.689937,15.21083333,24,-,-,-,4.277598,365.06,Ongoing
2025-11-14,2025-11-20,爆款系列-图6,active,ES-转化-商品系列-爆款,0,ABSOLUTE_OCPM,300,Daily,0,"7-day click, 1-day view, or 1-day engaged-view",7,actions:offsite_conversion.fb_pixel_purchase,10685,15481,1.448854,5.717977,12.64571429,7,-,-,-,5.735314,88.52,Ongoing
2025-11-14,2025-11-20,爆款系列-图7,active,ES-转化-商品系列-爆款,0,ABSOLUTE_OCPM,300,Daily,0,"7-day click, 1-day view, or 1-day engaged-view",6,actions:offsite_conversion.fb_pixel_purchase,26646,42061,1.578511,4.42096,30.99166667,6,-,-,-,1.369938,185.95,Ongoing
2025-11-14,2025-11-20,爆款系列-图9,active,ES-转化-商品系列-爆款,0,ABSOLUTE_OCPM,300,Daily,0,"7-day click, 1-day view, or 1-day engaged-view",8,actions:offsite_conversion.fb_pixel_purchase,28854,46935,1.626638,2.478747,14.5425,8,Average,Average,Average,5.112945,116.34,Ongoing
2025-11-14,2025-11-20,欧珀系列-视频4,active,ES-转化-商品系列-欧珀,0,ABSOLUTE_OCPM,100,Daily,2025-02-06T06:24:36+0100,"7-day click, 1-day view, or 1-day engaged-view",5,actions:offsite_conversion.fb_pixel_purchase,13186,19864,1.506446,3.542086,14.072,5,"Below average - Bottom 35% of ads","Above average",Average,6.801308,70.36,Ongoing
2025-11-14,2025-11-20,"爆款系列 -图12",active,ES-转化-商品系列-爆款,0,ABSOLUTE_OCPM,300,Daily,0,"7-day click, 1-day view, or 1-day engaged-view",33,actions:offsite_conversion.fb_pixel_purchase,109599,190632,1.739359,2.719428,15.70939394,33,Average,"Above average",Average,4.046855,518.41,Ongoing
2025-11-14,2025-11-20,爆款系列,active,ES-转化-商品系列-爆款,0,ABSOLUTE_OCPM,300,Daily,0,"7-day click, 1-day view, or 1-day engaged-view",1,actions:offsite_conversion.fb_pixel_purchase,9682,13762,1.421401,2.721261,37.45,1,Average,Average,Average,2.62964,37.45,Ongoing
2025-11-14,2025-11-20,爆款系列,active,ES-转化-商品系列-爆款,0,ABSOLUTE_OCPM,300,Daily,0,"7-day click, 1-day view, or 1-day engaged-view",59,actions:offsite_conversion.fb_pixel_purchase,118156,223907,1.895012,2.587592,9.82,59,-,-,-,6.401688,579.38,Ongoing
2025-11-14,2025-11-20,Top50,active,"ES-转化- ASC-Catalog Ad set",0,ABSOLUTE_OCPM,60,Daily,2025-08-21T04:41:31+0200,"7-day click, 1-day view, or 1-day engaged-view",26,actions:offsite_conversion.fb_pixel_purchase,61234,135425,2.211598,3.06834,15.98192308,26,Average,"Above average",Average,3.716122,415.53,Ongoing
2025-11-14,2025-11-20,6,active,ES-转化-用户诉求-ASC-视频,0,ABSOLUTE_OCPM,100,Daily,2025-08-14T04:00:33+0200,"7-day click, 1-day view, or 1-day engaged-view",96,actions:offsite_conversion.fb_pixel_add_to_cart,48354,61460,1.271043,4.568988,2.92510417,8,Average,Average,"Above average",1.390335,280.81,Ongoing
2025-11-14,2025-11-20,Clips,active,"ES-转化-商品系列-套镜-Catalog Ad set",0,ABSOLUTE_OCPM,50,Daily,2025-08-21T04:39:51+0200,"7-day click, 1-day view, or 1-day engaged-view",36,actions:offsite_conversion.fb_pixel_purchase,39076,104247,2.667801,3.335827,9.65972222,36,Average,"Above average",Average,6.891014,347.75,Ongoing
2025-11-14,2025-11-20,爆款系列,active,ES-转化-商品系列-爆款,0,ABSOLUTE_OCPM,300,Daily,0,"7-day click, 1-day view, or 1-day engaged-view",,,2952,4608,1.560976,2.65191,,,Average,Average,Average,,12.22,Ongoing
2025-11-14,2025-11-20,ASC-VK,active,转化-品宣-博主-ASC,0,ABSOLUTE_OCPM,200,Daily,2025-04-27T07:35:07+0200,"7-day click or 1-day view",1,actions:offsite_conversion.fb_pixel_purchase,5205,7192,1.381748,8.559511,61.56,1,"Below average - Bottom 35% of ads","Above average",Average,2.526641,61.56,Ongoing
2025-11-14,2025-11-20,混搭1,active,组2-混合,0,ABSOLUTE_OCPM,70,Daily,2025-06-24T11:03:41+0200,"7-day click, 1-day view, or 1-day engaged-view",70,actions:offsite_conversion.fb_pixel_add_to_cart,32275,42886,1.328768,4.278786,2.62142857,9,Average,"Above average","Above average",2.308992,183.5,Ongoing
2025-11-14,2025-11-20,混搭1,active,组2-混合,0,ABSOLUTE_OCPM,70,Daily,2025-06-24T11:03:41+0200,"7-day click, 1-day view, or 1-day engaged-view",139,actions:offsite_conversion.fb_pixel_add_to_cart,39363,56791,1.442751,5.322498,2.17460432,11,-,-,-,1.445529,302.27,Ongoing
2025-11-14,2025-11-20,产品图,active,品宣-产品图,0,ABSOLUTE_OCPM,20,Daily,2025-06-30T04:47:25+0200,"7-day click or 1-day view",1811,actions:landing_page_view,49521,65965,1.332061,2.105662,0.07669796,3,Average,"Above average","Above average",,138.9,Ongoing
2025-11-14,2025-11-20,产品图,active,品宣-产品图,0,ABSOLUTE_OCPM,20,Daily,2025-06-30T04:47:25+0200,"7-day click or 1-day view",1,actions:landing_page_view,134,134,1,0.970149,0.13,,-,-,-,,0.13,Ongoing
2025-11-14,2025-11-20,产品图,active,品宣-产品图,0,ABSOLUTE_OCPM,20,Daily,2025-06-30T04:47:25+0200,"7-day click or 1-day view",,,54,55,1.018519,1.636364,,,-,-,-,,0.09,Ongoing
2025-11-14,2025-11-20,图,active,促销季,0,ABSOLUTE_OCPM,50,Daily,2025-07-24T04:51:26+0200,"7-day click, 1-day view, or 1-day engaged-view",24,actions:offsite_conversion.fb_pixel_purchase,31980,55621,1.739243,3.881448,8.99541667,24,Average,"Above average",Average,5.498819,215.89,Ongoing
2025-11-14,2025-11-20,PGC1,active,品宣-PGC1,0,ABSOLUTE_OCPM,200,Daily,2025-09-24T07:16:12+0200,"7-day click, 1-day view, or 1-day engaged-view",1,actions:offsite_conversion.fb_pixel_add_to_cart,2066,2231,1.079864,4.074406,9.09,,-,-,-,,9.09,Ongoing
2025-11-14,2025-11-20,PGC1,active,品宣-PGC1,0,ABSOLUTE_OCPM,200,Daily,2025-09-24T07:16:12+0200,"7-day click, 1-day view, or 1-day engaged-view",56,actions:offsite_conversion.fb_pixel_add_to_cart,11182,12803,1.144965,7.873155,1.8,6,"Below average - Bottom 35% of ads","Above average","Above average",4.010615,100.8,Ongoing
2025-11-14,2025-11-20,图,active,促销季,0,ABSOLUTE_OCPM,50,Daily,2025-07-24T04:51:26+0200,"7-day click, 1-day view, or 1-day engaged-view",9,actions:offsite_conversion.fb_pixel_purchase,6010,7734,1.286855,4.542281,3.90333333,9,-,-,-,10.411614,35.13,Ongoing
2025-11-14,2025-11-20,爆款系列,active,ES-转化-商品系列-爆款,0,ABSOLUTE_OCPM,300,Daily,0,"7-day click, 1-day view, or 1-day engaged-view",11,actions:offsite_conversion.fb_pixel_purchase,34026,61497,1.807353,2.822251,15.77818182,11,-,-,-,3.079108,173.56,Ongoing
2025-11-14,2025-11-20,FU,active,复古系列-加购,0,ABSOLUTE_OCPM,110,Daily,2025-08-20T05:07:39+0200,"7-day click, 1-day view, or 1-day engaged-view",68,actions:offsite_conversion.fb_pixel_add_to_cart,37297,53363,1.430759,3.090531,2.42529412,8,Average,"Above average","Above average",2.209132,164.92,Ongoing
2025-11-14,2025-11-20,NX,active,女性力量系列-加购,0,ABSOLUTE_OCPM,100,Daily,2025-07-14T04:35:37+0200,"7-day click, 1-day view, or 1-day engaged-view",105,actions:offsite_conversion.fb_pixel_add_to_cart,36097,52591,1.456935,4.60421,2.30609524,6,Average,"Above average","Above average",0.377302,242.14,Ongoing
2025-11-14,2025-11-20,NX,active,女性力量系列-加购,0,ABSOLUTE_OCPM,100,Daily,2025-07-14T04:35:37+0200,"7-day click, 1-day view, or 1-day engaged-view",,,1269,1611,1.269504,7.051521,,2,-,-,-,22.577465,11.36,Ongoing
2025-11-14,2025-11-20,TJC,active,商品系列-TJC,0,ABSOLUTE_OCPM,120,Daily,2025-07-22T04:54:52+0200,"7-day click, 1-day view, or 1-day engaged-view",,,159,187,1.176101,8.02139,,,-,-,-,,1.5,Ongoing
2025-11-14,2025-11-20,FU,active,复古系列-加购,0,ABSOLUTE_OCPM,110,Daily,2025-08-20T05:07:39+0200,"7-day click, 1-day view, or 1-day engaged-view",27,actions:offsite_conversion.fb_pixel_add_to_cart,20706,23946,1.156476,3.608536,3.20037037,1,Average,Average,"Above average",0.721097,86.41,Ongoing
2025-11-14,2025-11-20,ASC4,active,博主-ASC4,0,ABSOLUTE_OCPM,120,Daily,2025-07-25T09:00:36+0200,"7-day click, 1-day view, or 1-day engaged-view",23,actions:offsite_conversion.fb_pixel_purchase,50720,60621,1.195209,3.675459,9.6873913,23,"Below average - Bottom 35% of ads","Above average",Average,8.632736,222.81,Ongoing
2025-11-14,2025-11-20,产品图,active,品宣-产品图,0,ABSOLUTE_OCPM,20,Daily,2025-06-30T04:47:25+0200,"7-day click or 1-day view",7,actions:landing_page_view,239,244,1.020921,2.377049,0.08285714,,-,-,-,,0.58,Ongoing
2025-11-14,2025-11-20,TJ-DB,active,用户诉求-套镜-对比,0,ABSOLUTE_OCPM,70,Daily,2025-09-24T07:47:13+0200,"7-day click, 1-day view, or 1-day engaged-view",4,actions:offsite_conversion.fb_pixel_purchase,20042,25216,1.258158,4.792592,30.2125,4,Average,"Above average","Below average - Bottom 35% of ads",2.49698,120.85,Ongoing
2025-11-14,2025-11-20,FU,active,复古系列-加购,0,ABSOLUTE_OCPM,110,Daily,2025-08-20T05:07:39+0200,"7-day click, 1-day view, or 1-day engaged-view",22,actions:offsite_conversion.fb_pixel_add_to_cart,8335,11245,1.34913,5.444197,2.78272727,2,"Below average - Bottom 35% of ads",Average,"Above average",1.41114,61.22,Ongoing
2025-11-14,2025-11-20,TJC,active,商品系列-TJC,0,ABSOLUTE_OCPM,120,Daily,2025-07-22T04:54:52+0200,"7-day click, 1-day view, or 1-day engaged-view",29,actions:offsite_conversion.fb_pixel_purchase,38787,57774,1.48952,6.225984,12.40344828,29,"Below average - Bottom 35% of ads","Above average",Average,5.527273,359.7,Ongoing
2025-11-14,2025-11-20,TJ-DB,active,用户诉求-套镜-对比,0,ABSOLUTE_OCPM,70,Daily,2025-09-24T07:47:13+0200,"7-day click, 1-day view, or 1-day engaged-view",20,actions:offsite_conversion.fb_pixel_purchase,50539,67000,1.325709,4.156269,13.9235,20,"Below average - Bottom 35% of ads","Above average",Average,3.757927,278.47,Ongoing
2025-11-14,2025-11-20,BS2,active,商品系列-爆款2,0,ABSOLUTE_OCPM,50,Daily,2025-07-14T05:06:48+0200,"7-day click, 1-day view, or 1-day engaged-view",8,actions:offsite_conversion.fb_pixel_purchase,31166,52573,1.68687,3.564187,23.4225,8,-,-,-,4.059932,187.38,Ongoing
2025-11-14,2025-11-20,TJ,active,商品系列-套镜,0,ABSOLUTE_OCPM,70,Daily,2025-08-22T07:07:08+0200,"7-day click, 1-day view, or 1-day engaged-view",2,actions:offsite_conversion.fb_pixel_purchase,1820,2262,1.242857,5.702918,6.45,2,Average,"Above average",Average,13.665116,12.9,Ongoing
2025-11-14,2025-11-20,TJ-DB,active,用户诉求-套镜-对比,0,ABSOLUTE_OCPM,70,Daily,2025-09-24T07:47:13+0200,"7-day click, 1-day view, or 1-day engaged-view",,,95,107,1.126316,7.009346,,,-,-,-,,0.75,Ongoing
2025-11-14,2025-11-20,NX,active,女性力量系列-加购,0,ABSOLUTE_OCPM,100,Daily,2025-07-14T04:35:37+0200,"7-day click, 1-day view, or 1-day engaged-view",71,actions:offsite_conversion.fb_pixel_add_to_cart,18035,28210,1.564181,5.246012,2.0843662,4,-,-,-,1.171025,147.99,Ongoing
2025-11-14,2025-11-20,NX,active,女性力量系列-加购,0,ABSOLUTE_OCPM,100,Daily,2025-07-14T04:35:37+0200,"7-day click, 1-day view, or 1-day engaged-view",16,actions:offsite_conversion.fb_pixel_add_to_cart,3437,4978,1.448356,7.221776,2.246875,2,Average,Average,"Above average",2.432545,35.95,Ongoing
2025-11-14,2025-11-20,XP,active,商品系列-新品系列,0,ABSOLUTE_OCPM,50,Daily,2025-10-11T08:26:27+0200,"7-day click, 1-day view, or 1-day engaged-view",7,actions:offsite_conversion.fb_pixel_purchase,17521,24279,1.385709,3.791754,13.15142857,7,Average,"Above average",Average,4.769824,92.06,Ongoing
2025-11-14,2025-11-20,ASC6,not_delivering,博主-ASC6,0,ABSOLUTE_OCPM,70,Daily,2025-09-24T07:28:40+0200,"7-day click, 1-day view, or 1-day engaged-view",1,actions:offsite_conversion.fb_pixel_purchase,1543,1578,1.022683,2.756654,4.35,1,Average,"Above average",Average,1.31954,4.35,Ongoing
2025-11-14,2025-11-20,XP,active,商品系列-新品系列,0,ABSOLUTE_OCPM,50,Daily,2025-10-11T08:26:27+0200,"7-day click, 1-day view, or 1-day engaged-view",11,actions:offsite_conversion.fb_pixel_purchase,23924,33728,1.409798,5.007412,15.35363636,11,Average,"Above average",Average,3.775712,168.89,Ongoing
2025-11-14,2025-11-20,图,active,促销季,0,ABSOLUTE_OCPM,50,Daily,2025-07-24T04:51:26+0200,"7-day click, 1-day view, or 1-day engaged-view",6,actions:offsite_conversion.fb_pixel_purchase,10192,13704,1.344584,4.652656,10.62666667,6,"Below average - Bottom 35% of ads",Average,"Above average",5.55803,63.76,Ongoing
2025-11-14,2025-11-20,图,active,促销季,0,ABSOLUTE_OCPM,50,Daily,2025-07-24T04:51:26+0200,"7-day click, 1-day view, or 1-day engaged-view",,,133,145,1.090226,6.344828,,,-,-,-,,0.92,Ongoing
2025-11-14,2025-11-20,图,active,促销季,0,ABSOLUTE_OCPM,50,Daily,2025-07-24T04:51:26+0200,"7-day click, 1-day view, or 1-day engaged-view",3,actions:offsite_conversion.fb_pixel_purchase,6656,8341,1.253155,3.873636,10.77,3,Average,Average,Average,5.104921,32.31,Ongoing
2025-11-14,2025-11-20,OU,active,BOF-Ordered,0,ABSOLUTE_OCPM,50,Daily,2025-11-18T03:56:05+0100,"7-day click, 1-day view, or 1-day engaged-view",7,actions:offsite_conversion.fb_pixel_purchase,18933,61593,3.253209,4.570325,40.21428571,7,Average,"Above average",Average,1.180036,281.5,Ongoing
2025-11-14,2025-11-20,NOU,active,"BOF- Non-Ordered",0,ABSOLUTE_OCPM,50,Daily,0,"7-day click, 1-day view, or 1-day engaged-view",29,actions:offsite_conversion.fb_pixel_purchase,38642,92730,2.399721,4.464251,14.27482759,29,Average,"Above average",Average,3.276349,413.97,Ongoing
2025-11-14,2025-11-20,BS2,active,商品系列-爆款2,0,ABSOLUTE_OCPM,50,Daily,2025-07-14T05:06:48+0200,"7-day click, 1-day view, or 1-day engaged-view",,,671,808,1.204173,2.722772,,,-,-,-,,2.2,Ongoing
2025-11-14,2025-11-20,BS2,active,商品系列-爆款2,0,ABSOLUTE_OCPM,50,Daily,2025-07-14T05:06:48+0200,"7-day click, 1-day view, or 1-day engaged-view",12,actions:offsite_conversion.fb_pixel_purchase,32274,52663,1.631747,2.808423,12.325,12,-,-,-,3.567005,147.9,Ongoing
2025-11-14,2025-11-20,BS2,active,商品系列-爆款2,0,ABSOLUTE_OCPM,50,Daily,2025-07-14T05:06:48+0200,"7-day click, 1-day view, or 1-day engaged-view",,,1374,1727,1.256914,2.877823,,,-,-,-,,4.97,Ongoing
2025-11-14,2025-11-20,CAREY,active,COLLECCION-CAREY,0,ABSOLUTE_OCPM,50,Daily,2025-11-18T03:49:16+0100,"7-day click, 1-day view, or 1-day engaged-view",,,287,316,1.101045,2.563291,,,-,-,-,,0.81,Ongoing
2025-11-14,2025-11-20,CAREY,active,COLLECCION-CAREY,0,ABSOLUTE_OCPM,50,Daily,2025-11-18T03:49:16+0100,"7-day click, 1-day view, or 1-day engaged-view",,,31,32,1.032258,3.4375,,,-,-,-,,0.11,Ongoing
2025-11-14,2025-11-20,CAREY,active,COLLECCION-CAREY,0,ABSOLUTE_OCPM,50,Daily,2025-11-18T03:49:16+0100,"7-day click, 1-day view, or 1-day engaged-view",,,490,540,1.102041,4.018519,,,-,-,-,,2.17,Ongoing
2025-11-14,2025-11-20,FR,active,TOF-CLCC-FlORAL,0,ABSOLUTE_OCPM,50,Daily,2025-11-07T08:09:57+0100,"7-day click, 1-day view, or 1-day engaged-view",1,actions:offsite_conversion.fb_pixel_purchase,5101,6899,1.35248,2.625018,18.11,1,-,-,-,1.464384,18.11,Ongoing
2025-11-14,2025-11-20,FR,active,TOF-CLCC-FlORAL,0,ABSOLUTE_OCPM,50,Daily,2025-11-07T08:09:57+0100,"7-day click, 1-day view, or 1-day engaged-view",1,actions:offsite_conversion.fb_pixel_purchase,846,909,1.074468,2.233223,2.03,1,-,-,-,24.448276,2.03,Ongoing
2025-11-14,2025-11-20,FR,active,TOF-CLCC-FlORAL,0,ABSOLUTE_OCPM,50,Daily,2025-11-07T08:09:57+0100,"7-day click, 1-day view, or 1-day engaged-view",1,actions:offsite_conversion.fb_pixel_purchase,4721,6542,1.385723,2.465607,16.13,1,-,-,-,2.071296,16.13,Ongoing
2025-11-14,2025-11-20,FR,active,TOF-CLCC-FlORAL,0,ABSOLUTE_OCPM,50,Daily,2025-11-07T08:09:57+0100,"7-day click, 1-day view, or 1-day engaged-view",1,actions:offsite_conversion.fb_pixel_purchase,1789,2044,1.142538,3.214286,6.57,1,-,-,-,6.042618,6.57,Ongoing
2025-11-14,2025-11-20,BF,active,TOF-BF-1€,0,ABSOLUTE_OCPM,130,Daily,2025-11-12T09:04:07+0100,"7-day click, 1-day view, or 1-day engaged-view",38,actions:offsite_conversion.fb_pixel_add_to_cart,8700,11241,1.292069,6.514545,1.92710526,3,"Below average - Bottom 35% of ads",Average,"Above average",6.141062,73.23,Ongoing
2025-11-14,2025-11-20,BF,active,TOF-BF-1€,0,ABSOLUTE_OCPM,130,Daily,2025-11-12T09:04:07+0100,"7-day click, 1-day view, or 1-day engaged-view",,,22,25,1.136364,9.2,,,-,-,-,,0.23,Ongoing
2025-11-14,2025-11-20,BF,active,TOF-BF-1€,0,ABSOLUTE_OCPM,130,Daily,2025-11-12T09:04:07+0100,"7-day click, 1-day view, or 1-day engaged-view",,,62,66,1.064516,7.575758,,,-,-,-,,0.5,Ongoing
2025-11-14,2025-11-20,BF,active,TOF-BF-1€,0,ABSOLUTE_OCPM,130,Daily,2025-11-12T09:04:07+0100,"7-day click, 1-day view, or 1-day engaged-view",,,13,13,1,4.615385,,,-,-,-,,0.06,Ongoing
2025-11-14,2025-11-20,BF,active,TOF-BF-1€,0,ABSOLUTE_OCPM,130,Daily,2025-11-12T09:04:07+0100,"7-day click, 1-day view, or 1-day engaged-view",,,33,35,1.060606,6.857143,,,-,-,-,,0.24,Ongoing
2025-11-14,2025-11-20,BF,active,TOF-BF-1€,0,ABSOLUTE_OCPM,130,Daily,2025-11-12T09:04:07+0100,"7-day click, 1-day view, or 1-day engaged-view",,,12,13,1.083333,6.923077,,,-,-,-,,0.09,Ongoing
2025-11-14,2025-11-20,BF,active,TOF-BF-1€,0,ABSOLUTE_OCPM,130,Daily,2025-11-12T09:04:07+0100,"7-day click, 1-day view, or 1-day engaged-view",,,178,196,1.101124,5.969388,,,-,-,-,,1.17,Ongoing
2025-11-14,2025-11-20,BF,active,TOF-BF-1€,0,ABSOLUTE_OCPM,130,Daily,2025-11-12T09:04:07+0100,"7-day click, 1-day view, or 1-day engaged-view",11,actions:offsite_conversion.fb_pixel_add_to_cart,4126,5540,1.342705,6.211191,3.12818182,,-,-,-,,34.41,Ongoing
2025-11-14,2025-11-20,BF,active,TOF-BF-1€,0,ABSOLUTE_OCPM,130,Daily,2025-11-12T09:04:07+0100,"7-day click, 1-day view, or 1-day engaged-view",445,actions:offsite_conversion.fb_pixel_add_to_cart,125437,237861,1.896259,3.265479,1.74546067,32,Average,"Above average","Above average",1.59484,776.73,Ongoing
2025-11-14,2025-11-20,BF,active,TOF-BF-1€,0,ABSOLUTE_OCPM,130,Daily,2025-11-12T09:04:07+0100,"7-day click, 1-day view, or 1-day engaged-view",,,98,105,1.071429,6.857143,,,-,-,-,,0.72,Ongoing
2025-11-14,2025-11-20,BF,active,TOF-BF-1€,0,ABSOLUTE_OCPM,130,Daily,2025-11-12T09:04:07+0100,"7-day click, 1-day view, or 1-day engaged-view",,,21,22,1.047619,10.909091,,,-,-,-,,0.24,Ongoing
2025-11-14,2025-11-20,BF2-1€,active,TOF-BF2-1€,0,ABSOLUTE_OCPM,70,Daily,2025-11-13T03:22:28+0100,"7-day click, 1-day view, or 1-day engaged-view",28,actions:offsite_conversion.fb_pixel_add_to_cart,14124,17750,1.256726,3.931268,2.49214286,1,Average,"Above average","Above average",1.486529,69.78,Ongoing
2025-11-14,2025-11-20,BF3-1€,active,TOF-BF3-1€,0,ABSOLUTE_OCPM,50,Daily,0,"7-day click, 1-day view, or 1-day engaged-view",,,664,775,1.167169,4.606452,,,Average,Average,"Above average",,3.57,Ongoing
2025-11-14,2025-11-20,爆款系列-图3,active,ES-转化-商品系列-爆款,0,ABSOLUTE_OCPM,300,Daily,0,"7-day click, 1-day view, or 1-day engaged-view",,,1735,2084,1.201153,4.3762,,,-,-,-,,9.12,Ongoing
2025-11-14,2025-11-20,混搭1,active,组2-混合,0,ABSOLUTE_OCPM,70,Daily,2025-06-24T11:03:41+0200,"7-day click, 1-day view, or 1-day engaged-view",4,actions:offsite_conversion.fb_pixel_add_to_cart,42,44,1.047619,10,0.11,,-,-,-,,0.44,Ongoing
2025-11-14,2025-11-20,混搭1,active,组2-混合,0,ABSOLUTE_OCPM,70,Daily,2025-06-24T11:03:41+0200,"7-day click, 1-day view, or 1-day engaged-view",,,56,63,1.125,7.301587,,,-,-,-,,0.46,Ongoing
2025-11-14,2025-11-20,产品图,active,品宣-产品图,0,ABSOLUTE_OCPM,20,Daily,2025-06-30T04:47:25+0200,"7-day click or 1-day view",11,actions:landing_page_view,234,250,1.068376,2.36,0.05363636,,-,-,-,,0.59,Ongoing
2025-11-14,2025-11-20,产品图,active,品宣-产品图,0,ABSOLUTE_OCPM,20,Daily,2025-06-30T04:47:25+0200,"7-day click or 1-day view",6,actions:landing_page_view,213,228,1.070423,2.45614,0.09333333,,-,-,-,,0.56,Ongoing
2025-11-14,2025-11-20,产品图,active,品宣-产品图,0,ABSOLUTE_OCPM,20,Daily,2025-06-30T04:47:25+0200,"7-day click or 1-day view",,,74,75,1.013514,1.2,,,-,-,-,,0.09,Ongoing
2025-11-14,2025-11-20,BF3-1€,active,TOF-BF3-1€,0,ABSOLUTE_OCPM,50,Daily,0,"7-day click, 1-day view, or 1-day engaged-view",2,actions:offsite_conversion.fb_pixel_add_to_cart,741,802,1.082321,4.102244,1.645,,-,-,-,,3.29,Ongoing
2025-11-14,2025-11-20,BF3-1€,active,TOF-BF3-1€,0,ABSOLUTE_OCPM,50,Daily,0,"7-day click, 1-day view, or 1-day engaged-view",,,387,440,1.136951,4.636364,,,-,-,-,,2.04,Ongoing
2025-11-14,2025-11-20,BF3-1€,active,TOF-BF3-1€,0,ABSOLUTE_OCPM,50,Daily,0,"7-day click, 1-day view, or 1-day engaged-view",67,actions:offsite_conversion.fb_pixel_add_to_cart,16277,23876,1.466855,3.995644,1.4238806,6,-,-,-,3.696436,95.4,Ongoing
2025-11-14,2025-11-20,BF3-1€,active,TOF-BF3-1€,0,ABSOLUTE_OCPM,50,Daily,0,"7-day click, 1-day view, or 1-day engaged-view",22,actions:offsite_conversion.fb_pixel_add_to_cart,5640,6665,1.181738,3.375844,1.02272727,2,-,-,-,6.132,22.5,Ongoing
2025-11-14,2025-11-20,BF3-1€,active,TOF-BF3-1€,0,ABSOLUTE_OCPM,50,Daily,0,"7-day click, 1-day view, or 1-day engaged-view",2,actions:offsite_conversion.fb_pixel_add_to_cart,219,235,1.073059,5.659574,0.665,,-,-,-,,1.33,Ongoing
2025-11-14,2025-11-20,BF3-1€,active,TOF-BF3-1€,0,ABSOLUTE_OCPM,50,Daily,0,"7-day click, 1-day view, or 1-day engaged-view",,,285,328,1.150877,4.939024,,,-,-,-,,1.62,Ongoing
2025-11-14,2025-11-20,DAPA-595-AP,active,DAPA-595,0,ABSOLUTE_OCPM,140,Daily,2025-11-14T02:00:59+0100,"7-day click or 1-day view",63,actions:offsite_conversion.fb_pixel_purchase,100933,268131,2.656525,3.047242,12.96920635,63,-,-,-,3.992485,817.06,Ongoing
2025-11-14,2025-11-20,图,active,促销季,0,ABSOLUTE_OCPM,50,Daily,2025-07-24T04:51:26+0200,"7-day click, 1-day view, or 1-day engaged-view",,,150,167,1.113333,6.586826,,,-,-,-,,1.1,Ongoing
2025-11-14,2025-11-20,图,active,促销季,0,ABSOLUTE_OCPM,50,Daily,2025-07-24T04:51:26+0200,"7-day click, 1-day view, or 1-day engaged-view",,,52,57,1.096154,2.807018,,,-,-,-,,0.16,Ongoing
2025-11-14,2025-11-20,产品图,active,品宣-产品图,0,ABSOLUTE_OCPM,20,Daily,2025-06-30T04:47:25+0200,"7-day click or 1-day view",,,40,42,1.05,1.904762,,,-,-,-,,0.08,Ongoing
2025-11-14,2025-11-20,FU,active,复古系列-加购,0,ABSOLUTE_OCPM,110,Daily,2025-08-20T05:07:39+0200,"7-day click, 1-day view, or 1-day engaged-view",,,47,50,1.06383,6.4,,,-,-,-,,0.32,Ongoing
2025-11-14,2025-11-20,BS2,active,商品系列-爆款2,0,ABSOLUTE_OCPM,50,Daily,2025-07-14T05:06:48+0200,"7-day click, 1-day view, or 1-day engaged-view",,,1985,2686,1.353149,2.669397,,,-,-,-,,7.17,Ongoing
2025-11-14,2025-11-20,CAREY,active,COLLECCION-CAREY,0,ABSOLUTE_OCPM,50,Daily,2025-11-18T03:49:16+0100,"7-day click, 1-day view, or 1-day engaged-view",,,101,113,1.118812,2.035398,,,-,-,-,,0.23,Ongoing
2025-11-14,2025-11-20,BF,active,TOF-BF-1€,0,ABSOLUTE_OCPM,130,Daily,2025-11-12T09:04:07+0100,"7-day click, 1-day view, or 1-day engaged-view",,,21,21,1,4.761905,,,-,-,-,,0.1,Ongoing
2025-11-14,2025-11-20,BF2,active,TOP-BF2,0,ABSOLUTE_OCPM,100,Daily,2025-11-17T08:02:23+0100,"7-day click, 1-day view, or 1-day engaged-view",,,387,411,1.062016,7.372263,,,-,-,-,,3.03,Ongoing
2025-11-14,2025-11-20,BF2,active,TOP-BF2,0,ABSOLUTE_OCPM,100,Daily,2025-11-17T08:02:23+0100,"7-day click, 1-day view, or 1-day engaged-view",,,1742,2067,1.186567,7.058539,,,"Below average - Bottom 35% of ads","Above average","Above average",,14.59,Ongoing
2025-11-14,2025-11-20,BF2,active,TOP-BF2,0,ABSOLUTE_OCPM,100,Daily,2025-11-17T08:02:23+0100,"7-day click, 1-day view, or 1-day engaged-view",,,676,741,1.096154,5.384615,,,Average,"Above average","Above average",,3.99,Ongoing
2025-11-14,2025-11-20,CAREY,active,COLLECCION-CAREY,0,ABSOLUTE_OCPM,50,Daily,2025-11-18T03:49:16+0100,"7-day click, 1-day view, or 1-day engaged-view",,,313,367,1.172524,4.713896,,,-,-,-,,1.73,Ongoing
2025-11-14,2025-11-20,BF2-1€,active,TOF-BF2-1€,0,ABSOLUTE_OCPM,70,Daily,2025-11-13T03:22:28+0100,"7-day click, 1-day view, or 1-day engaged-view",8,actions:offsite_conversion.fb_pixel_add_to_cart,3313,4149,1.252339,6.172572,3.20125,,"Below average - Bottom 35% of ads",Average,"Above average",,25.61,Ongoing
2025-11-14,2025-11-20,BF2-1€,active,TOF-BF2-1€,0,ABSOLUTE_OCPM,70,Daily,2025-11-13T03:22:28+0100,"7-day click, 1-day view, or 1-day engaged-view",45,actions:offsite_conversion.fb_pixel_add_to_cart,17822,24683,1.384974,5.661792,3.10555556,4,"Below average - Bottom 35% of ads",Average,"Above average",1.369445,139.75,Ongoing
2025-11-14,2025-11-20,BF2-1€,active,TOF-BF2-1€,0,ABSOLUTE_OCPM,70,Daily,2025-11-13T03:22:28+0100,"7-day click, 1-day view, or 1-day engaged-view",,,1330,1517,1.140602,6.558998,,,"Below average - Bottom 35% of ads",Average,"Above average",,9.95,Ongoing
2025-11-14,2025-11-20,BF2,active,TOP-BF2,0,ABSOLUTE_OCPM,100,Daily,2025-11-17T08:02:23+0100,"7-day click, 1-day view, or 1-day engaged-view",7,actions:offsite_conversion.fb_pixel_purchase,17646,25434,1.441346,5.664858,20.58285714,7,"Below average - Bottom 35% of ads","Above average","Above average",2.947668,144.08,Ongoing
2025-11-14,2025-11-20,BF2,active,TOP-BF2,0,ABSOLUTE_OCPM,100,Daily,2025-11-17T08:02:23+0100,"7-day click, 1-day view, or 1-day engaged-view",3,actions:offsite_conversion.fb_pixel_purchase,2855,3474,1.216813,5.325273,6.16666667,3,"Below average - Bottom 35% of ads","Above average","Above average",7.185405,18.5,Ongoing
2025-11-14,2025-11-20,BF2,active,TOP-BF2,0,ABSOLUTE_OCPM,100,Daily,2025-11-17T08:02:23+0100,"7-day click, 1-day view, or 1-day engaged-view",,,159,164,1.031447,4.512195,,,-,-,-,,0.74,Ongoing
2025-11-14,2025-11-20,BF2,active,TOP-BF2,0,ABSOLUTE_OCPM,100,Daily,2025-11-17T08:02:23+0100,"7-day click, 1-day view, or 1-day engaged-view",,,307,339,1.104235,6.40118,,,-,-,-,,2.17,Ongoing
2025-11-14,2025-11-20,BF2,active,TOP-BF2,0,ABSOLUTE_OCPM,100,Daily,2025-11-17T08:02:23+0100,"7-day click, 1-day view, or 1-day engaged-view",,,183,193,1.054645,6.165803,,,-,-,-,,1.19,Ongoing
2025-11-14,2025-11-20,BF3-1€,active,TOF-BF3-1€,0,ABSOLUTE_OCPM,50,Daily,0,"7-day click, 1-day view, or 1-day engaged-view",103,actions:offsite_conversion.fb_pixel_add_to_cart,27849,40276,1.446228,6.032128,2.35873786,5,Average,"Above average","Above average",0.837497,242.95,Ongoing
2025-11-14,2025-11-20,"POP07 2",active,"战略部-MGAPOP MIX",0,ABSOLUTE_OCPM,"Using campaign budget",0,2025-11-18T09:24:09+0100,"7-day click, 1-day view, or 1-day engaged-view",2,actions:offsite_conversion.fb_pixel_add_to_cart,359,384,1.069638,5.494792,1.055,,-,-,-,,2.11,Ongoing
2025-11-14,2025-11-20,POP03,active,"战略部-MGAPOP MIX",0,ABSOLUTE_OCPM,"Using campaign budget",0,2025-11-18T09:24:09+0100,"7-day click, 1-day view, or 1-day engaged-view",,,481,558,1.160083,6.272401,,,-,-,-,,3.5,Ongoing
2025-11-14,2025-11-20,POP02,active,"战略部-MGAPOP MIX",0,ABSOLUTE_OCPM,"Using campaign budget",0,2025-11-18T09:24:09+0100,"7-day click, 1-day view, or 1-day engaged-view",1,actions:offsite_conversion.fb_pixel_add_to_cart,179,194,1.083799,5,0.97,,-,-,-,,0.97,Ongoing
2025-11-14,2025-11-20,BF2,active,TOP-BF2,0,ABSOLUTE_OCPM,100,Daily,2025-11-17T08:02:23+0100,"7-day click, 1-day view, or 1-day engaged-view",,,411,461,1.121655,6.073753,,,-,-,-,,2.8,Ongoing
2025-11-14,2025-11-20,BF2,active,TOP-BF2,0,ABSOLUTE_OCPM,100,Daily,2025-11-17T08:02:23+0100,"7-day click, 1-day view, or 1-day engaged-view",7,actions:offsite_conversion.fb_pixel_purchase,9594,13104,1.365854,5.32967,9.97714286,7,"Below average - Bottom 35% of ads","Above average","Above average",1.688717,69.84,Ongoing
2025-11-14,2025-11-20,BF2,active,TOP-BF2,0,ABSOLUTE_OCPM,100,Daily,2025-11-17T08:02:23+0100,"7-day click, 1-day view, or 1-day engaged-view",4,actions:offsite_conversion.fb_pixel_purchase,5613,7268,1.294851,5.116951,9.2975,4,-,-,-,10.371336,37.19,Ongoing
2025-11-14,2025-11-20,BF2,active,TOP-BF2,0,ABSOLUTE_OCPM,100,Daily,2025-11-17T08:02:23+0100,"7-day click, 1-day view, or 1-day engaged-view",2,actions:offsite_conversion.fb_pixel_purchase,2873,3627,1.262443,6.650124,12.06,2,Average,"Above average","Above average",7.633499,24.12,Ongoing
2025-11-14,2025-11-20,BF2,active,TOP-BF2,0,ABSOLUTE_OCPM,100,Daily,2025-11-17T08:02:23+0100,"7-day click, 1-day view, or 1-day engaged-view",4,actions:offsite_conversion.fb_pixel_purchase,5212,7267,1.394282,6.068529,11.025,4,"Below average - Bottom 35% of ads","Above average","Above average",3.754195,44.1,Ongoing
2025-11-14,2025-11-20,POPMIX,active,"战略部-MGAPOP MIX",0,ABSOLUTE_OCPM,"Using campaign budget",0,2025-11-18T09:24:09+0100,"7-day click, 1-day view, or 1-day engaged-view",14,actions:offsite_conversion.fb_pixel_add_to_cart,11351,13258,1.168003,5.711269,5.40857143,,Average,Average,"Above average",,75.72,Ongoing
2025-11-14,2025-11-20,"POP07 1",active,"战略部-MGAPOP MIX",0,ABSOLUTE_OCPM,"Using campaign budget",0,2025-11-18T09:24:09+0100,"7-day click, 1-day view, or 1-day engaged-view",1,actions:offsite_conversion.fb_pixel_add_to_cart,371,405,1.091644,5.209877,2.11,,-,-,-,,2.11,Ongoing
2025-11-14,2025-11-20,"POP07 3",active,"战略部-MGAPOP MIX",0,ABSOLUTE_OCPM,"Using campaign budget",0,2025-11-18T09:24:09+0100,"7-day click, 1-day view, or 1-day engaged-view",25,actions:offsite_conversion.fb_pixel_add_to_cart,23937,27347,1.142457,3.935715,4.3052,3,Average,Average,"Above average",1.792158,107.63,Ongoing
2025-11-14,2025-11-20,POP04,active,"战略部-MGAPOP MIX",0,ABSOLUTE_OCPM,"Using campaign budget",0,2025-11-18T09:24:09+0100,"7-day click, 1-day view, or 1-day engaged-view",1,actions:offsite_conversion.fb_pixel_add_to_cart,2162,2354,1.088807,4.677145,11.01,,Average,Average,"Above average",,11.01,Ongoing
2025-11-14,2025-11-20,"POP07 4",active,"战略部-MGAPOP MIX",0,ABSOLUTE_OCPM,"Using campaign budget",0,2025-11-18T09:24:09+0100,"7-day click, 1-day view, or 1-day engaged-view",,,218,240,1.100917,5.25,,,-,-,-,,1.26,Ongoing
2025-11-14,2025-11-20,"POP04 2",active,"战略部-MGAPOP MIX",0,ABSOLUTE_OCPM,"Using campaign budget",0,2025-11-18T09:24:09+0100,"7-day click, 1-day view, or 1-day engaged-view",,,727,813,1.118294,4.772448,,,Average,Average,"Above average",,3.88,Ongoing
2025-11-14,2025-11-20,"POP07 5",active,"战略部-MGAPOP MIX",0,ABSOLUTE_OCPM,"Using campaign budget",0,2025-11-18T09:24:09+0100,"7-day click, 1-day view, or 1-day engaged-view",2,actions:offsite_conversion.fb_pixel_add_to_cart,760,855,1.125,4.818713,2.06,,Average,Average,"Above average",,4.12,Ongoing
2025-11-14,2025-11-20,BF2,active,TOP-BF2,0,ABSOLUTE_OCPM,100,Daily,2025-11-17T08:02:23+0100,"7-day click, 1-day view, or 1-day engaged-view",,,750,921,1.228,6.036916,,,Average,"Above average","Above average",,5.56,Ongoing
2025-11-14,2025-11-20,POP05,active,"战略部-MGAPOP MIX",0,ABSOLUTE_OCPM,"Using campaign budget",0,2025-11-18T09:24:09+0100,"7-day click, 1-day view, or 1-day engaged-view",,,323,351,1.086687,6.125356,,,-,-,-,,2.15,Ongoing
2025-11-14,2025-11-20,POPMIX2,active,"战略部-MGAPOP MIX",0,ABSOLUTE_OCPM,"Using campaign budget",0,2025-11-18T09:24:09+0100,"7-day click, 1-day view, or 1-day engaged-view",,,414,455,1.099034,8.263736,,,-,-,-,,3.76,Ongoing
2025-11-14,2025-11-20,POP06,active,"战略部-MGAPOP MIX",0,ABSOLUTE_OCPM,"Using campaign budget",0,2025-11-18T09:24:09+0100,"7-day click, 1-day view, or 1-day engaged-view",,,548,611,1.114964,7.315876,,,-,-,-,,4.47,Ongoing
2025-11-14,2025-11-20,"POP07 6",active,"战略部-MGAPOP MIX",0,ABSOLUTE_OCPM,"Using campaign budget",0,2025-11-18T09:24:09+0100,"7-day click, 1-day view, or 1-day engaged-view",,,1096,1256,1.145985,5.692675,,,Average,"Above average",Average,,7.15,Ongoing
2025-11-14,2025-11-20,POPM1,active,"战略部-MGAPOP MIX",0,ABSOLUTE_OCPM,"Using campaign budget",0,2025-11-18T09:24:09+0100,"7-day click, 1-day view, or 1-day engaged-view",,,1732,2037,1.176097,6.278841,,,"Below average - Bottom 35% of ads","Above average","Above average",,12.79,Ongoing
2025-11-14,2025-11-20,POPM2,active,"战略部-MGAPOP MIX",0,ABSOLUTE_OCPM,"Using campaign budget",0,2025-11-18T09:24:09+0100,"7-day click, 1-day view, or 1-day engaged-view",290,actions:offsite_conversion.fb_pixel_add_to_cart,175485,237377,1.352691,4.271096,3.49606897,18,Average,"Above average","Above average",0.857446,1013.86,Ongoing
2025-11-14,2025-11-20,POPM3,active,"战略部-MGAPOP MIX",0,ABSOLUTE_OCPM,"Using campaign budget",0,2025-11-18T09:24:09+0100,"7-day click, 1-day view, or 1-day engaged-view",4,actions:offsite_conversion.fb_pixel_add_to_cart,3659,4084,1.116152,6.079824,6.2075,2,"Below average - Bottom 35% of ads",Average,"Above average",3.466371,24.83,Ongoing
2025-11-14,2025-11-20,POPM4,active,"战略部-MGAPOP MIX",0,ABSOLUTE_OCPM,"Using campaign budget",0,2025-11-18T09:24:09+0100,"7-day click, 1-day view, or 1-day engaged-view",1,actions:offsite_conversion.fb_pixel_add_to_cart,378,413,1.092593,7.215496,2.98,,-,-,-,,2.98,Ongoing
2025-11-14,2025-11-20,POPM5,active,"战略部-MGAPOP MIX",0,ABSOLUTE_OCPM,"Using campaign budget",0,2025-11-18T09:24:09+0100,"7-day click, 1-day view, or 1-day engaged-view",14,actions:offsite_conversion.fb_pixel_add_to_cart,3446,4062,1.178758,7.449532,2.16142857,,"Below average - Bottom 35% of ads",Average,"Above average",,30.26,Ongoing
2025-11-14,2025-11-20,POPM6,active,"战略部-MGAPOP MIX",0,ABSOLUTE_OCPM,"Using campaign budget",0,2025-11-18T09:24:09+0100,"7-day click, 1-day view, or 1-day engaged-view",,,328,371,1.131098,9.110512,,,-,-,-,,3.38,Ongoing
2025-11-14,2025-11-20,POPM7,active,"战略部-MGAPOP MIX",0,ABSOLUTE_OCPM,"Using campaign budget",0,2025-11-18T09:24:09+0100,"7-day click, 1-day view, or 1-day engaged-view",1,actions:offsite_conversion.fb_pixel_add_to_cart,2458,2837,1.15419,6.905182,19.59,,"Below average - Bottom 35% of ads",Average,"Above average",,19.59,Ongoing
2025-11-14,2025-11-20,ASC-VK,active,转化-品宣-博主-ASC,0,ABSOLUTE_OCPM,200,Daily,2025-04-27T07:35:07+0200,"7-day click or 1-day view",4,actions:offsite_conversion.fb_pixel_purchase,13756,20215,1.469541,6.693544,33.8275,4,-,-,-,1.589979,135.31,Ongoing
2025-11-14,2025-11-20,1,active,ES-转化-用户诉求-ASC-视频,0,ABSOLUTE_OCPM,100,Daily,2025-08-14T04:00:33+0200,"7-day click, 1-day view, or 1-day engaged-view",85,actions:offsite_conversion.fb_pixel_add_to_cart,99309,118156,1.189781,4.120823,5.72823529,5,-,-,-,0.504046,486.9,Ongoing
2025-11-14,2025-11-20,4,active,ES-转化-用户诉求-ASC-视频,0,ABSOLUTE_OCPM,100,Daily,2025-08-14T04:00:33+0200,"7-day click, 1-day view, or 1-day engaged-view",,,866,1006,1.161663,5.129225,,,-,-,-,,5.16,Ongoing
2025-11-14,2025-11-20,5,active,ES-转化-用户诉求-ASC-视频,0,ABSOLUTE_OCPM,100,Daily,2025-08-14T04:00:33+0200,"7-day click, 1-day view, or 1-day engaged-view",,,646,815,1.26161,8.08589,,,-,-,-,,6.59,Ongoing
2025-11-14,2025-11-20,ASC-VK,active,转化-品宣-博主-ASC,0,ABSOLUTE_OCPM,200,Daily,2025-04-27T07:35:07+0200,"7-day click or 1-day view",1,actions:offsite_conversion.fb_pixel_purchase,759,2633,3.469038,7.200912,18.96,1,-,-,-,4.83808,18.96,Ongoing
2025-11-14,2025-11-20,欧珀系列,active,ES-转化-商品系列-欧珀,0,ABSOLUTE_OCPM,100,Daily,2025-02-06T06:24:36+0100,"7-day click, 1-day view, or 1-day engaged-view",35,actions:offsite_conversion.fb_pixel_purchase,55521,95197,1.714612,3.959368,10.76914286,35,-,-,-,5.643877,376.92,Ongoing
2025-11-14,2025-11-20,PGC1,active,品宣-PGC1,0,ABSOLUTE_OCPM,200,Daily,2025-09-24T07:16:12+0200,"7-day click, 1-day view, or 1-day engaged-view",465,actions:offsite_conversion.fb_pixel_add_to_cart,342444,399427,1.166401,3.137419,2.69498925,30,-,-,-,1.072233,1253.17,Ongoing
2025-11-14,2025-11-20,博主,active,博主-ASC2,0,ABSOLUTE_OCPM,120,Daily,2025-07-10T04:15:50+0200,"7-day click, 1-day view, or 1-day engaged-view",96,actions:offsite_conversion.fb_pixel_add_to_cart,61212,69984,1.143305,4.63606,3.3796875,10,-,-,-,2.648051,324.45,Ongoing
2025-11-14,2025-11-20,博主,active,博主-ASC2,0,ABSOLUTE_OCPM,120,Daily,2025-07-10T04:15:50+0200,"7-day click, 1-day view, or 1-day engaged-view",,,55,56,1.018182,6.964286,,,-,-,-,,0.39,Ongoing
2025-11-14,2025-11-20,FU,active,复古系列-加购,0,ABSOLUTE_OCPM,110,Daily,2025-08-20T05:07:39+0200,"7-day click, 1-day view, or 1-day engaged-view",67,actions:offsite_conversion.fb_pixel_add_to_cart,50845,55890,1.099223,3.276436,2.73313433,3,-,-,-,1.18081,183.12,Ongoing
2025-11-14,2025-11-20,NX,active,女性力量系列-加购,0,ABSOLUTE_OCPM,100,Daily,2025-07-14T04:35:37+0200,"7-day click, 1-day view, or 1-day engaged-view",50,actions:offsite_conversion.fb_pixel_add_to_cart,15563,18758,1.205295,6.26666,2.351,3,-,-,-,2.056827,117.55,Ongoing
2025-11-14,2025-11-20,BF2,active,TOP-BF2,0,ABSOLUTE_OCPM,100,Daily,2025-11-17T08:02:23+0100,"7-day click, 1-day view, or 1-day engaged-view",,,538,601,1.1171,6.023295,,,Average,"Above average",Average,,3.62,Ongoing
2025-11-14,2025-11-20,TJ,active,商品系列-套镜,0,ABSOLUTE_OCPM,70,Daily,2025-08-22T07:07:08+0200,"7-day click, 1-day view, or 1-day engaged-view",18,actions:offsite_conversion.fb_pixel_purchase,34795,48335,1.389136,4.722251,12.68055556,18,-,-,-,5.206353,228.25,Ongoing
2025-11-14,2025-11-20,TJ,active,商品系列-套镜,0,ABSOLUTE_OCPM,70,Daily,2025-08-22T07:07:08+0200,"7-day click, 1-day view, or 1-day engaged-view",10,actions:offsite_conversion.fb_pixel_purchase,33281,46749,1.404675,4.176346,19.524,10,-,-,-,2.92942,195.24,Ongoing
2025-11-14,2025-11-20,ASC4,active,博主-ASC4,0,ABSOLUTE_OCPM,120,Daily,2025-07-25T09:00:36+0200,"7-day click, 1-day view, or 1-day engaged-view",3,actions:offsite_conversion.fb_pixel_purchase,1929,2709,1.404355,7.316353,6.60666667,3,-,-,-,3.536327,19.82,Ongoing
2025-11-14,2025-11-20,NX,active,女性力量系列-加购,0,ABSOLUTE_OCPM,100,Daily,2025-07-14T04:35:37+0200,"7-day click, 1-day view, or 1-day engaged-view",61,actions:offsite_conversion.fb_pixel_add_to_cart,21169,28413,1.342199,4.930138,2.29639344,5,-,-,-,1.658695,140.08,Ongoing
2025-11-14,2025-11-20,ASC4,active,博主-ASC4,0,ABSOLUTE_OCPM,120,Daily,2025-07-25T09:00:36+0200,"7-day click, 1-day view, or 1-day engaged-view",12,actions:offsite_conversion.fb_pixel_purchase,20722,28092,1.355661,6.340595,14.84333333,12,-,-,-,4.020267,178.12,Ongoing
2025-11-14,2025-11-20,TJC,active,商品系列-TJC,0,ABSOLUTE_OCPM,120,Daily,2025-07-22T04:54:52+0200,"7-day click, 1-day view, or 1-day engaged-view",26,actions:offsite_conversion.fb_pixel_purchase,60781,111731,1.838255,4.261306,18.31230769,26,-,-,-,3.358943,476.12,Ongoing
2025-11-14,2025-11-20,欧珀系列,active,ES-转化-商品系列-欧珀,0,ABSOLUTE_OCPM,100,Daily,2025-02-06T06:24:36+0100,"7-day click, 1-day view, or 1-day engaged-view",4,actions:offsite_conversion.fb_pixel_purchase,7051,10058,1.426464,3.305826,8.3125,4,-,-,-,6.686015,33.25,Ongoing
2025-11-14,2025-11-20,欧珀系列,active,ES-转化-商品系列-欧珀,0,ABSOLUTE_OCPM,100,Daily,2025-02-06T06:24:36+0100,"7-day click, 1-day view, or 1-day engaged-view",,,3966,5344,1.347453,3.330838,,,-,-,-,,17.8,Ongoing
2025-11-14,2025-11-20,8,active,ES-转化-用户诉求-ASC-视频,0,ABSOLUTE_OCPM,100,Daily,2025-08-14T04:00:33+0200,"7-day click, 1-day view, or 1-day engaged-view",3,actions:offsite_conversion.fb_pixel_add_to_cart,873,1059,1.213058,7.998111,2.82333333,,-,-,-,,8.47,Ongoing
2025-11-14,2025-11-20,FU,active,复古系列-加购,0,ABSOLUTE_OCPM,110,Daily,2025-08-20T05:07:39+0200,"7-day click, 1-day view, or 1-day engaged-view",,,315,337,1.069841,5.103858,,,-,-,-,,1.72,Ongoing
2025-11-14,2025-11-20,XP,active,商品系列-新品系列,0,ABSOLUTE_OCPM,50,Daily,2025-10-11T08:26:27+0200,"7-day click, 1-day view, or 1-day engaged-view",6,actions:offsite_conversion.fb_pixel_purchase,13246,17776,1.34199,4.746287,14.06166667,6,-,-,-,3.789973,84.37,Ongoing
2025-11-14,2025-11-20,ASC6,not_delivering,博主-ASC6,0,ABSOLUTE_OCPM,70,Daily,2025-09-24T07:28:40+0200,"7-day click, 1-day view, or 1-day engaged-view",,,473,524,1.107822,7.69084,,,-,-,-,,4.03,Ongoing
2025-11-14,2025-11-20,ASC-VK,active,转化-品宣-博主-ASC,0,ABSOLUTE_OCPM,200,Daily,2025-04-27T07:35:07+0200,"7-day click or 1-day view",9,actions:offsite_conversion.fb_pixel_purchase,18285,25344,1.386054,6.529751,18.38777778,9,-,-,-,2.896248,165.49,Ongoing
2025-11-14,2025-11-20,ASC6,not_delivering,博主-ASC6,0,ABSOLUTE_OCPM,70,Daily,2025-09-24T07:28:40+0200,"7-day click, 1-day view, or 1-day engaged-view",,,479,518,1.08142,6.196911,,,-,-,-,,3.21,Ongoing
2025-11-14,2025-11-20,PGC1,active,品宣-PGC1,0,ABSOLUTE_OCPM,200,Daily,2025-09-24T07:16:12+0200,"7-day click, 1-day view, or 1-day engaged-view",,,255,279,1.094118,8.960573,,,-,-,-,,2.5,Ongoing
2025-11-14,2025-11-20,TJ-DB,active,用户诉求-套镜-对比,0,ABSOLUTE_OCPM,70,Daily,2025-09-24T07:47:13+0200,"7-day click, 1-day view, or 1-day engaged-view",19,actions:offsite_conversion.fb_pixel_purchase,33822,43124,1.275028,4.401957,9.99105263,19,-,-,-,4.607491,189.83,Ongoing
2025-11-14,2025-11-20,TJ-DB,active,用户诉求-套镜-对比,0,ABSOLUTE_OCPM,70,Daily,2025-09-24T07:47:13+0200,"7-day click, 1-day view, or 1-day engaged-view",,,39,51,1.307692,7.254902,,,-,-,-,,0.37,Ongoing
2025-11-14,2025-11-20,TJ-DB,active,用户诉求-套镜-对比,0,ABSOLUTE_OCPM,70,Daily,2025-09-24T07:47:13+0200,"7-day click, 1-day view, or 1-day engaged-view",,,286,332,1.160839,5.331325,,,-,-,-,,1.77,Ongoing
2025-11-14,2025-11-20,XP,active,商品系列-新品系列,0,ABSOLUTE_OCPM,50,Daily,2025-10-11T08:26:27+0200,"7-day click, 1-day view, or 1-day engaged-view",,,540,615,1.138889,5.528455,,,-,-,-,,3.4,Ongoing
2025-11-14,2025-11-20,XP,active,商品系列-新品系列,0,ABSOLUTE_OCPM,50,Daily,2025-10-11T08:26:27+0200,"7-day click, 1-day view, or 1-day engaged-view",,,98,107,1.091837,5.140187,,,-,-,-,,0.55,Ongoing
2025-11-14,2025-11-20,XP,active,商品系列-新品系列,0,ABSOLUTE_OCPM,50,Daily,2025-10-11T08:26:27+0200,"7-day click, 1-day view, or 1-day engaged-view",,,34,36,1.058824,3.055556,,,-,-,-,,0.11,Ongoing
2025-11-14,2025-11-20,TJ,active,商品系列-套镜,0,ABSOLUTE_OCPM,70,Daily,2025-08-22T07:07:08+0200,"7-day click, 1-day view, or 1-day engaged-view",1,actions:offsite_conversion.fb_pixel_purchase,1756,2227,1.268223,5.850921,13.03,1,-,-,-,3.444359,13.03,Ongoing
2025-11-14,2025-11-20,TJ,active,商品系列-套镜,0,ABSOLUTE_OCPM,70,Daily,2025-08-22T07:07:08+0200,"7-day click, 1-day view, or 1-day engaged-view",1,actions:offsite_conversion.fb_pixel_purchase,8230,9306,1.130741,4.872126,45.34,1,-,-,-,1.522497,45.34,Ongoing
2025-11-14,2025-11-20,ASC6,not_delivering,博主-ASC6,0,ABSOLUTE_OCPM,70,Daily,2025-09-24T07:28:40+0200,"7-day click, 1-day view, or 1-day engaged-view",,,44,48,1.090909,5.416667,,,-,-,-,,0.26,Ongoing
2025-11-14,2025-11-20,博主,active,博主-ASC2,0,ABSOLUTE_OCPM,120,Daily,2025-07-10T04:15:50+0200,"7-day click, 1-day view, or 1-day engaged-view",169,actions:offsite_conversion.fb_pixel_add_to_cart,135389,148031,1.093375,3.473056,3.04213018,12,-,-,-,1.60303,514.12,Ongoing
2025-11-14,2025-11-20,SG,active,"太阳镜- Catalog",0,ABSOLUTE_OCPM,50,Daily,2025-07-18T03:39:49+0200,"7-day click, 1-day view, or 1-day engaged-view",27,actions:offsite_conversion.fb_pixel_purchase,33028,84591,2.561191,4.117341,12.89962963,27,-,-,-,5.157771,348.29,Ongoing
2025-11-14,2025-11-20,ASC4,active,博主-ASC4,0,ABSOLUTE_OCPM,120,Daily,2025-07-25T09:00:36+0200,"7-day click, 1-day view, or 1-day engaged-view",11,actions:offsite_conversion.fb_pixel_purchase,40158,51916,1.292793,4.91544,23.19909091,11,-,-,-,2.443003,255.19,Ongoing
2025-11-14,2025-11-20,PGC1,active,品宣-PGC1,0,ABSOLUTE_OCPM,200,Daily,2025-09-24T07:16:12+0200,"7-day click, 1-day view, or 1-day engaged-view",7,actions:offsite_conversion.fb_pixel_add_to_cart,3098,3396,1.096191,5.014723,2.43285714,1,-,-,-,,17.03,Ongoing
2025-11-14,2025-11-20,ASC4,active,博主-ASC4,0,ABSOLUTE_OCPM,120,Daily,2025-07-25T09:00:36+0200,"7-day click, 1-day view, or 1-day engaged-view",8,actions:offsite_conversion.fb_pixel_purchase,9860,12589,1.276775,5.932163,9.335,8,-,-,-,4.016872,74.68,Ongoing
2025-11-14,2025-11-20,ASC4,active,博主-ASC4,0,ABSOLUTE_OCPM,120,Daily,2025-07-25T09:00:36+0200,"7-day click, 1-day view, or 1-day engaged-view",2,actions:offsite_conversion.fb_pixel_purchase,4269,5515,1.291872,6.600181,18.2,2,-,-,-,2.435989,36.4,Ongoing
2025-11-14,2025-11-20,ASC4,active,博主-ASC4,0,ABSOLUTE_OCPM,120,Daily,2025-07-25T09:00:36+0200,"7-day click, 1-day view, or 1-day engaged-view",1,actions:offsite_conversion.fb_pixel_purchase,6588,9078,1.37796,5.712712,51.86,1,-,-,-,1.158311,51.86,Ongoing
2025-11-14,2025-11-20,9,active,ES-转化-用户诉求-ASC-视频,0,ABSOLUTE_OCPM,100,Daily,2025-08-14T04:00:33+0200,"7-day click, 1-day view, or 1-day engaged-view",8,actions:offsite_conversion.fb_pixel_add_to_cart,1468,1946,1.325613,10.077081,2.45125,,-,-,-,,19.61,Ongoing
2025-11-14,2025-11-20,FU,active,复古系列-加购,0,ABSOLUTE_OCPM,110,Daily,2025-08-20T05:07:39+0200,"7-day click, 1-day view, or 1-day engaged-view",93,actions:offsite_conversion.fb_pixel_add_to_cart,67696,88440,1.306429,3.033356,2.88462366,15,-,-,-,3.508741,268.27,Ongoing
2025-11-14,2025-11-20,CAREY,active,COLLECCION-CAREY,0,ABSOLUTE_OCPM,50,Daily,2025-11-18T03:49:16+0100,"7-day click, 1-day view, or 1-day engaged-view",14,actions:offsite_conversion.fb_pixel_purchase,56048,94134,1.679525,3.644592,24.50571429,14,-,-,-,2.659846,343.08,Ongoing
2025-11-14,2025-11-20,FR,active,TOF-CLCC-FlORAL,0,ABSOLUTE_OCPM,50,Daily,2025-11-07T08:09:57+0100,"7-day click, 1-day view, or 1-day engaged-view",,,161,170,1.055901,2.647059,,,-,-,-,,0.45,Ongoing
2025-11-14,2025-11-20,FR,active,TOF-CLCC-FlORAL,0,ABSOLUTE_OCPM,50,Daily,2025-11-07T08:09:57+0100,"7-day click, 1-day view, or 1-day engaged-view",,,372,398,1.069892,3.140704,,,-,-,-,,1.25,Ongoing
2025-11-14,2025-11-20,PGC1,active,品宣-PGC1,0,ABSOLUTE_OCPM,200,Daily,2025-09-24T07:16:12+0200,"7-day click, 1-day view, or 1-day engaged-view",,,23,24,1.043478,7.083333,,,-,-,-,,0.17,Ongoing
2025-11-14,2025-11-20,TJ-DB,active,用户诉求-套镜-对比,0,ABSOLUTE_OCPM,70,Daily,2025-09-24T07:47:13+0200,"7-day click, 1-day view, or 1-day engaged-view",,,50,54,1.08,2.777778,,,-,-,-,,0.15,Ongoing
2025-11-14,2025-11-20,FR,active,TOF-CLCC-FlORAL,0,ABSOLUTE_OCPM,50,Daily,2025-11-07T08:09:57+0100,"7-day click, 1-day view, or 1-day engaged-view",10,actions:offsite_conversion.fb_pixel_purchase,37375,53084,1.420308,3.084168,16.372,10,-,-,-,2.937576,163.72,Ongoing
2025-11-14,2025-11-20,FR,active,TOF-CLCC-FlORAL,0,ABSOLUTE_OCPM,50,Daily,2025-11-07T08:09:57+0100,"7-day click, 1-day view, or 1-day engaged-view",2,actions:offsite_conversion.fb_pixel_purchase,5112,7182,1.40493,4.259259,15.295,2,-,-,-,4.10134,30.59,Ongoing
2025-11-14,2025-11-20,FR,active,TOF-CLCC-FlORAL,0,ABSOLUTE_OCPM,50,Daily,2025-11-07T08:09:57+0100,"7-day click, 1-day view, or 1-day engaged-view",4,actions:offsite_conversion.fb_pixel_purchase,22445,31672,1.411094,3.370485,26.6875,4,-,-,-,2.405714,106.75,Ongoing
2025-11-14,2025-11-20,BF,active,TOF-BF-1€,0,ABSOLUTE_OCPM,130,Daily,2025-11-12T09:04:07+0100,"7-day click, 1-day view, or 1-day engaged-view",9,actions:offsite_conversion.fb_pixel_add_to_cart,106,114,1.075472,10.701754,0.13555556,1,-,-,-,65.319672,1.22,Ongoing
2025-11-14,2025-11-20,BF2-1€,active,TOF-BF2-1€,0,ABSOLUTE_OCPM,70,Daily,2025-11-13T03:22:28+0100,"7-day click, 1-day view, or 1-day engaged-view",1,actions:offsite_conversion.fb_pixel_add_to_cart,609,646,1.060755,5.897833,3.81,,-,-,-,,3.81,Ongoing
2025-11-14,2025-11-20,BF2-1€,active,TOF-BF2-1€,0,ABSOLUTE_OCPM,70,Daily,2025-11-13T03:22:28+0100,"7-day click, 1-day view, or 1-day engaged-view",2,actions:offsite_conversion.fb_pixel_add_to_cart,372,441,1.185484,7.936508,1.75,,-,-,-,,3.5,Ongoing
2025-11-14,2025-11-20,BF2-1€,active,TOF-BF2-1€,0,ABSOLUTE_OCPM,70,Daily,2025-11-13T03:22:28+0100,"7-day click, 1-day view, or 1-day engaged-view",,,138,162,1.173913,8.333333,,,-,-,-,,1.35,Ongoing
2025-11-14,2025-11-20,BF2-1€,active,TOF-BF2-1€,0,ABSOLUTE_OCPM,70,Daily,2025-11-13T03:22:28+0100,"7-day click, 1-day view, or 1-day engaged-view",,,116,123,1.060345,4.796748,,,-,-,-,,0.59,Ongoing
2025-11-14,2025-11-20,BF2-1€,active,TOF-BF2-1€,0,ABSOLUTE_OCPM,70,Daily,2025-11-13T03:22:28+0100,"7-day click, 1-day view, or 1-day engaged-view",36,actions:offsite_conversion.fb_pixel_add_to_cart,9905,13748,1.387986,6.779168,2.58888889,,-,-,-,,93.2,Ongoing
2025-11-14,2025-11-20,BF2-1€,active,TOF-BF2-1€,0,ABSOLUTE_OCPM,70,Daily,2025-11-13T03:22:28+0100,"7-day click, 1-day view, or 1-day engaged-view",81,actions:offsite_conversion.fb_pixel_add_to_cart,20762,30109,1.450197,4.482381,1.66617284,5,-,-,-,1.253779,134.96,Ongoing
2025-11-14,2025-11-20,豹纹,not_delivering,组3-豹纹,0,ABSOLUTE_OCPM,50,Daily,2025-06-26T07:46:47+0200,-,,,0,0,0,0,,,-,-,-,,0,Ongoing
2025-11-14,2025-11-20,豹纹,not_delivering,组3-豹纹,0,ABSOLUTE_OCPM,50,Daily,2025-06-26T07:46:47+0200,-,,,0,0,0,0,,,-,-,-,,0,Ongoing
2025-11-14,2025-11-20,豹纹,not_delivering,组3-豹纹,0,ABSOLUTE_OCPM,50,Daily,2025-06-26T07:46:47+0200,-,,,0,0,0,0,,,-,-,-,,0,Ongoing
2025-11-14,2025-11-20,BW,not_delivering,豹纹系列-加购,0,ABSOLUTE_OCPM,60,Daily,2025-08-20T05:00:07+0200,-,,,0,0,0,0,,,-,-,-,,0,Ongoing
2025-11-14,2025-11-20,BW,not_delivering,豹纹系列-加购,0,ABSOLUTE_OCPM,60,Daily,2025-08-20T05:00:07+0200,-,,,0,0,0,0,,,-,-,-,,0,Ongoing
2025-11-14,2025-11-20,BW,not_delivering,豹纹系列-加购,0,ABSOLUTE_OCPM,60,Daily,2025-08-20T05:00:07+0200,-,,,0,0,0,0,,,-,-,-,,0,Ongoing
2025-11-14,2025-11-20,无框,not_delivering,ES-转化-商品系列-无框,0,ABSOLUTE_OCPM,40,Daily,2025-09-26T07:23:21+0200,-,,,0,0,0,0,,,-,-,-,,0,Ongoing
2025-11-14,2025-11-20,BS2,inactive,商品系列-爆款2,0,ABSOLUTE_OCPM,50,Daily,2025-07-14T05:06:48+0200,-,,,0,0,0,0,,,-,-,-,,0,Ongoing
2025-11-14,2025-11-20,ASC6,not_delivering,博主-ASC6,0,ABSOLUTE_OCPM,70,Daily,2025-09-24T07:28:40+0200,-,,,0,0,0,0,,,-,-,-,,0,Ongoing
2025-11-14,2025-11-20,CAREY,inactive,COLLECCION-CAREY,0,ABSOLUTE_OCPM,50,Daily,2025-11-18T03:49:16+0100,-,,,0,0,0,0,,,-,-,-,,0,Ongoing
2025-11-14,2025-11-20,CAREY,inactive,COLLECCION-CAREY,0,ABSOLUTE_OCPM,50,Daily,2025-11-18T03:49:16+0100,-,,,0,0,0,0,,,-,-,-,,0,Ongoing
2025-11-14,2025-11-20,CAREY,inactive,COLLECCION-CAREY,0,ABSOLUTE_OCPM,50,Daily,2025-11-18T03:49:16+0100,-,,,0,0,0,0,,,-,-,-,,0,Ongoing
2025-11-14,2025-11-20,无框,not_delivering,ES-转化-商品系列-无框,0,ABSOLUTE_OCPM,40,Daily,2025-09-26T07:23:21+0200,-,,,0,0,0,0,,,-,-,-,,0,Ongoing
2025-11-14,2025-11-20,豹纹,not_delivering,组3-豹纹,0,ABSOLUTE_OCPM,50,Daily,2025-06-26T07:46:47+0200,-,,,0,0,0,0,,,-,-,-,,0,Ongoing
2025-11-14,2025-11-20,BS2,inactive,商品系列-爆款2,0,ABSOLUTE_OCPM,50,Daily,2025-07-14T05:06:48+0200,-,,,0,0,0,0,,,-,-,-,,0,Ongoing
2025-11-14,2025-11-20,BW,not_delivering,豹纹系列-加购,0,ABSOLUTE_OCPM,60,Daily,2025-08-20T05:00:07+0200,-,,,0,0,0,0,,,-,-,-,,0,Ongoing
2025-11-14,2025-11-20,BS2,inactive,商品系列-爆款2,0,ABSOLUTE_OCPM,50,Daily,2025-07-14T05:06:48+0200,-,,,0,0,0,0,,,-,-,-,,0,Ongoing
2025-11-14,2025-11-20,BW,not_delivering,豹纹系列-加购,0,ABSOLUTE_OCPM,60,Daily,2025-08-20T05:00:07+0200,-,,,0,0,0,0,,,-,-,-,,0,Ongoing
2025-11-14,2025-11-20,ASC5,inactive,博主-ASC5,0,ABSOLUTE_OCPM,30,Daily,2025-10-22T04:40:22+0200,-,,,0,0,0,0,,,-,-,-,,0,Ongoing
2025-11-14,2025-11-20,ASC5,inactive,博主-ASC5,0,ABSOLUTE_OCPM,30,Daily,2025-10-22T04:40:22+0200,-,,,0,0,0,0,,,-,-,-,,0,Ongoing
2025-11-14,2025-11-20,BW,not_delivering,豹纹系列-加购,0,ABSOLUTE_OCPM,60,Daily,2025-08-20T05:00:07+0200,-,,,0,0,0,0,,,-,-,-,,0,Ongoing
2025-11-14,2025-11-20,无框,not_delivering,ES-转化-商品系列-无框,0,ABSOLUTE_OCPM,40,Daily,2025-09-26T07:23:21+0200,-,,,0,0,0,0,,,-,-,-,,0,Ongoing
2025-11-14,2025-11-20,ASC5,not_delivering,博主-ASC5,0,ABSOLUTE_OCPM,30,Daily,2025-10-22T04:40:22+0200,-,,,0,0,0,0,,,-,-,-,,0,Ongoing
2025-11-14,2025-11-20,CAREY,inactive,COLLECCION-CAREY,0,ABSOLUTE_OCPM,50,Daily,2025-11-18T03:49:16+0100,-,,,0,0,0,0,,,-,-,-,,0,Ongoing
2025-11-14,2025-11-20,无框,not_delivering,ES-转化-商品系列-无框,0,ABSOLUTE_OCPM,40,Daily,2025-09-26T07:23:21+0200,-,,,0,0,0,0,,,-,-,-,,0,Ongoing
2025-11-14,2025-11-20,豹纹,not_delivering,组3-豹纹,0,ABSOLUTE_OCPM,50,Daily,2025-06-26T07:46:47+0200,-,,,0,0,0,0,,,-,-,-,,0,Ongoing
2025-11-14,2025-11-20,豹纹,not_delivering,组3-豹纹,0,ABSOLUTE_OCPM,50,Daily,2025-06-26T07:46:47+0200,-,,,0,0,0,0,,,-,-,-,,0,Ongoing
2025-11-14,2025-11-20,豹纹,not_delivering,组3-豹纹,0,ABSOLUTE_OCPM,50,Daily,2025-06-26T07:46:47+0200,-,,,0,0,0,0,,,-,-,-,,0,Ongoing
2025-11-14,2025-11-20,BW,not_delivering,豹纹系列-加购,0,ABSOLUTE_OCPM,60,Daily,2025-08-20T05:00:07+0200,"7-day click, 1-day view, or 1-day engaged-view",1,actions:offsite_conversion.fb_pixel_add_to_cart,0,0,0,0,0,,-,-,-,,0,Ongoing
2025-11-14,2025-11-20,BS2,inactive,商品系列-爆款2,0,ABSOLUTE_OCPM,50,Daily,2025-07-14T05:06:48+0200,-,,,0,0,0,0,,,-,-,-,,0,Ongoing
2025-11-14,2025-11-20,BW,not_delivering,豹纹系列-加购,0,ABSOLUTE_OCPM,60,Daily,2025-08-20T05:00:07+0200,-,,,0,0,0,0,,,-,-,-,,0,Ongoing
2025-11-14,2025-11-20,无框,not_delivering,ES-转化-商品系列-无框,0,ABSOLUTE_OCPM,40,Daily,2025-09-26T07:23:21+0200,-,,,0,0,0,0,,,-,-,-,,0,Ongoing
2025-11-14,2025-11-20,BS2,inactive,商品系列-爆款2,0,ABSOLUTE_OCPM,50,Daily,2025-07-14T05:06:48+0200,-,,,0,0,0,0,,,-,-,-,,0,Ongoing
2025-11-14,2025-11-20,BS2,inactive,商品系列-爆款2,0,ABSOLUTE_OCPM,50,Daily,2025-07-14T05:06:48+0200,-,,,0,0,0,0,,,-,-,-,,0,Ongoing
2025-11-14,2025-11-20,ASC6,not_delivering,博主-ASC6,0,ABSOLUTE_OCPM,70,Daily,2025-09-24T07:28:40+0200,-,,,0,0,0,0,,,-,-,-,,0,Ongoing
2025-11-14,2025-11-20,CAREY,inactive,COLLECCION-CAREY,0,ABSOLUTE_OCPM,50,Daily,2025-11-18T03:49:16+0100,-,,,0,0,0,0,,,-,-,-,,0,Ongoing
2025-11-14,2025-11-20,无框,not_delivering,ES-转化-商品系列-无框,0,ABSOLUTE_OCPM,40,Daily,2025-09-26T07:23:21+0200,-,,,0,0,0,0,,,-,-,-,,0,Ongoing
2025-11-14,2025-11-20,BS2,inactive,商品系列-爆款2,0,ABSOLUTE_OCPM,50,Daily,2025-07-14T05:06:48+0200,-,,,0,0,0,0,,,-,-,-,,0,Ongoing
2025-11-14,2025-11-20,ASC5,inactive,博主-ASC5,0,ABSOLUTE_OCPM,30,Daily,2025-10-22T04:40:22+0200,-,,,0,0,0,0,,,-,-,-,,0,Ongoing
2025-11-14,2025-11-20,ASC5,not_delivering,博主-ASC5,0,ABSOLUTE_OCPM,30,Daily,2025-10-22T04:40:22+0200,-,,,0,0,0,0,,,-,-,-,,0,Ongoing
2025-11-14,2025-11-20,无框,not_delivering,ES-转化-商品系列-无框,0,ABSOLUTE_OCPM,40,Daily,2025-09-26T07:23:21+0200,-,,,0,0,0,0,,,-,-,-,,0,Ongoing
2025-11-14,2025-11-20,CAREY,inactive,COLLECCION-CAREY,0,ABSOLUTE_OCPM,50,Daily,2025-11-18T03:49:16+0100,-,,,0,0,0,0,,,-,-,-,,0,Ongoing
2025-11-14,2025-11-20,CAREY,inactive,COLLECCION-CAREY,0,ABSOLUTE_OCPM,50,Daily,2025-11-18T03:49:16+0100,-,,,0,0,0,0,,,-,-,-,,0,Ongoing
